Sunday_date,Age_group,unvaccinated_share,1st_dose_share,2nd_dose_share,3rd_dose_share
2020-12-20,0-19,0.9997678263736359,0.0002321736263640905,0.0,0.0
2020-12-20,20-29,0.9933981063416282,0.006601893658371878,0.0,0.0
2020-12-20,30-39,0.9853602319803862,0.014639768019613792,0.0,0.0
2020-12-20,40-49,0.9781527924045602,0.02184720759543976,0.0,0.0
2020-12-20,50-59,0.9689229742179657,0.031077025782034286,0.0,0.0
2020-12-20,60-69,0.8730980099280832,0.12690199007191683,0.0,0.0
2020-12-20,70-79,0.8380973643526461,0.16190263564735383,0.0,0.0
2020-12-20,80-89,0.8818377813930768,0.11816221860692318,0.0,0.0
2020-12-20,90+,0.9201030732801802,0.07989692671981985,0.0,0.0
2020-12-27,0-19,0.9973077545855512,0.0026922454144487885,0.0,0.0
2020-12-27,20-29,0.9603816313230087,0.03961836867699133,0.0,0.0
2020-12-27,30-39,0.9320832937630977,0.06791670623690226,0.0,0.0
2020-12-27,40-49,0.893037138815065,0.10696286118493498,0.0,0.0
2020-12-27,50-59,0.8234275869865272,0.17657241301347285,0.0,0.0
2020-12-27,60-69,0.5687713769715197,0.4312286230284803,0.0,0.0
2020-12-27,70-79,0.46732245697044644,0.5326775430295535,0.0,0.0
2020-12-27,80-89,0.5078111163201775,0.49218888367982255,0.0,0.0
2020-12-27,90+,0.5596357869070978,0.4403642130929022,0.0,0.0
2021-01-03,0-19,0.9934264896087058,0.006573510391294119,0.0,0.0
2021-01-03,20-29,0.9169811872459737,0.08301881275402637,0.0,0.0
2021-01-03,30-39,0.8698678066347918,0.13013219336520826,0.0,0.0
2021-01-03,40-49,0.784002544232218,0.21599745576778193,0.0,0.0
2021-01-03,50-59,0.6454098943388102,0.3545901056611897,0.0,0.0
2021-01-03,60-69,0.3570331840431087,0.6429668159568913,0.0,0.0
2021-01-03,70-79,0.24289912579676862,0.7571008742032314,0.0,0.0
2021-01-03,80-89,0.25415807067219714,0.7458419293278028,0.0,0.0
2021-01-03,90+,0.33145861586481534,0.6685413841351846,0.0,0.0
2021-01-10,0-19,0.9920991345218656,0.007710767645857207,0.0001900978322772475,0.0
2021-01-10,20-29,0.899687807076939,0.09460404618919523,0.005708146733865873,0.0
2021-01-10,30-39,0.8427260202933435,0.1443254903687486,0.012948489337907942,0.0
2021-01-10,40-49,0.7378523102381958,0.24264617858059498,0.01950151118120928,0.0
2021-01-10,50-59,0.5385845214378694,0.43387786530415257,0.02753761325797807,0.0
2021-01-10,60-69,0.3219315627338161,0.5674603172926338,0.11060811997355002,0.0
2021-01-10,70-79,0.2135740390177764,0.645354766683339,0.14107119429888462,0.0
2021-01-10,80-89,0.22288510282904042,0.6755068490598843,0.10160804811107524,0.0
2021-01-10,90+,0.30681985047564636,0.6237582793108303,0.06942187021352343,0.0
2021-01-17,0-19,0.985212628655134,0.012652100470847314,0.0021352708740186364,0.0
2021-01-17,20-29,0.8462879853880962,0.11932689229948501,0.03438512231241872,0.0
2021-01-17,30-39,0.7894416132300612,0.15108894535201778,0.05946944141792098,0.0
2021-01-17,40-49,0.6034662883021616,0.3040094177160694,0.09252429398176897,0.0
2021-01-17,50-59,0.43596029768444333,0.4141405456961461,0.14989915661941056,0.0
2021-01-17,60-69,0.29071069572367936,0.3126431026645496,0.39664620161177105,0.0
2021-01-17,70-79,0.18959221998752976,0.3111388461530345,0.49926893385943577,0.0
2021-01-17,80-89,0.19818814268150312,0.3478927420456522,0.45391911527284473,0.0
2021-01-17,90+,0.2868366657559424,0.31126137991273617,0.4019019543313215,0.0
2021-01-24,0-19,0.9606912191055874,0.03351200782417483,0.005796773070237722,0.0
2021-01-24,20-29,0.781206393139835,0.1419749687636001,0.07681863809656485,0.0
2021-01-24,30-39,0.7120477712988111,0.16768804063733692,0.12026418806385189,0.0
2021-01-24,40-49,0.5013380685816712,0.2988829071558084,0.19977902426252042,0.0
2021-01-24,50-59,0.3784629980051026,0.28900205094671316,0.3325349510481842,0.0
2021-01-24,60-69,0.2649295071799702,0.1187139958475546,0.6163564969724752,0.0
2021-01-24,70-79,0.16877295009179116,0.09641819138112195,0.7348088585270869,0.0
2021-01-24,80-89,0.1761726179387827,0.10700673107970493,0.7168206509815124,0.0
2021-01-24,90+,0.2656537737098763,0.09925339865709581,0.6350928276330279,0.0
2021-01-31,0-19,0.9466227687028528,0.046059978272246074,0.00731725302490112,0.0
2021-01-31,20-29,0.7010416537527416,0.2033686871604808,0.09558965908677762,0.0
2021-01-31,30-39,0.6087743779990641,0.2413599076483462,0.14986571435258972,0.0
2021-01-31,40-49,0.43528522722568563,0.3141720131351267,0.25054275963918765,0.0
2021-01-31,50-59,0.3354126385918881,0.22158455799180787,0.44300280341630405,0.0
2021-01-31,60-69,0.24439462163249182,0.09071693633371325,0.6648884420337949,0.0
2021-01-31,70-79,0.15137182983790384,0.07086016922225902,0.7777680009398371,0.0
2021-01-31,80-89,0.15683852860087918,0.07996855103781164,0.7631929203613091,0.0
2021-01-31,90+,0.2453840917182053,0.08143684955664288,0.6731790587251518,0.0
2021-02-07,0-19,0.9370915418797419,0.05045402307055264,0.012454435049705526,0.0
2021-02-07,20-29,0.5974004870934543,0.2593664474269162,0.1432330654796295,0.0
2021-02-07,30-39,0.5125059323697189,0.2875090771722237,0.1999849904580574,0.0
2021-02-07,40-49,0.38453402610466697,0.23705142404146284,0.37841454985387024,0.0
2021-02-07,50-59,0.2968093835313676,0.15480537735510602,0.5483852391135264,0.0
2021-02-07,60-69,0.22434847271859315,0.07936871011010671,0.6962828171713001,0.0
2021-02-07,70-79,0.13673362935386899,0.061191978603230446,0.8020743920429005,0.0
2021-02-07,80-89,0.14147511239164443,0.07045146978465511,0.7880734178237004,0.0
2021-02-07,90+,0.22959092960101993,0.07776610325956468,0.6926429671394154,0.0
2021-02-14,0-19,0.9235700768001361,0.04084015817704088,0.03558976502282296,0.0
2021-02-14,20-29,0.48811345571594617,0.30559605206462626,0.20629049221942766,0.0
2021-02-14,30-39,0.41708312608122666,0.3101172739954388,0.2727995999233345,0.0
2021-02-14,40-49,0.32212149071061313,0.19690688911105042,0.48097162017833645,0.0
2021-02-14,50-59,0.24916668907287695,0.14448228602915247,0.6063510248979705,0.0
2021-02-14,60-69,0.19899376980093456,0.07883758981182643,0.722168640387239,0.0
2021-02-14,70-79,0.12012973925383778,0.05697659880752315,0.8228936619386391,0.0
2021-02-14,80-89,0.12618779702027594,0.06443055055347191,0.8093816524262522,0.0
2021-02-14,90+,0.21646577332902803,0.07090807481185257,0.7126261518591194,0.0
2021-02-21,0-19,0.9105283968545423,0.03968625222697581,0.04978535091848187,0.0
2021-02-21,20-29,0.39418127677052156,0.32271426406465925,0.28310445916481913,0.0
2021-02-21,30-39,0.33245197238199,0.29410240844118984,0.3734456191768202,0.0
2021-02-21,40-49,0.26674335864732607,0.18467256029408108,0.5485840810585928,0.0
2021-02-21,50-59,0.2058996548360521,0.14391073298092627,0.6501896121830216,0.0
2021-02-21,60-69,0.1735251607843929,0.08308920117711305,0.743385638038494,0.0
2021-02-21,70-79,0.10082175807215213,0.058325601485167744,0.8408526404426802,0.0
2021-02-21,80-89,0.10709991627546914,0.06359344133694311,0.8293066423875878,0.0
2021-02-21,90+,0.2002786774628879,0.06657480357335066,0.7331465189637615,0.0
2021-02-28,0-19,0.9024344065085848,0.03836252958279046,0.059203063908624745,0.0
2021-02-28,20-29,0.34246073392850773,0.27275863784098614,0.3847806282305061,0.0
2021-02-28,30-39,0.2867094400288857,0.2435399808067571,0.46975057916435725,0.0
2021-02-28,40-49,0.23303247808052446,0.16758657923714437,0.5993809426823312,0.0
2021-02-28,50-59,0.176980007568019,0.13496030594292574,0.6880596864890552,0.0
2021-02-28,60-69,0.15414787907905178,0.0827647012442485,0.7630874196766997,0.0
2021-02-28,70-79,0.08574132813890448,0.058735373727098805,0.8555232981339967,0.0
2021-02-28,80-89,0.09281981787585993,0.06200875330137523,0.8451714288227649,0.0
2021-02-28,90+,0.18876506834571083,0.061006012849490365,0.7502289188047988,0.0
2021-03-07,0-19,0.896461157266026,0.03212108499087235,0.07141775774310165,0.0
2021-03-07,20-29,0.30817059168994765,0.20399617846810436,0.487833229841948,0.0
2021-03-07,30-39,0.25931371292364847,0.17965562153472658,0.561030665541625,0.0
2021-03-07,40-49,0.2124897283765098,0.12946274537807478,0.6580475262454154,0.0
2021-03-07,50-59,0.15978071143441028,0.1072540376871105,0.7329652508784792,0.0
2021-03-07,60-69,0.14235727335513199,0.07047078950200814,0.7871719371428598,0.0
2021-03-07,70-79,0.07648493833726215,0.05194978882977397,0.8715652728329639,0.0
2021-03-07,80-89,0.0828729907147528,0.05682941980659528,0.8602975894786519,0.0
2021-03-07,90+,0.17927484621180126,0.05778291853986073,0.762942235248338,0.0
2021-03-14,0-19,0.8921697289727226,0.024164824762249473,0.08366544626502793,0.0
2021-03-14,20-29,0.2834352891765289,0.13791495986874047,0.5786497509547306,0.0
2021-03-14,30-39,0.23977770141921398,0.11690071775131328,0.6433215808294728,0.0
2021-03-14,40-49,0.19838421425200553,0.09003176771565535,0.7115840180323391,0.0
2021-03-14,50-59,0.1483191988730555,0.0771830858157857,0.7744977153111587,0.0
2021-03-14,60-69,0.13474013411470706,0.053878909261214636,0.8113809566240783,0.0
2021-03-14,70-79,0.07084549857207136,0.039185992066255726,0.8899685093616729,0.0
2021-03-14,80-89,0.07656557421160254,0.04515465597393675,0.8782797698144608,0.0
2021-03-14,90+,0.1733658399774802,0.048955221347375066,0.7776789386751447,0.0
2021-03-21,0-19,0.8899872363441892,0.019782888106126162,0.0902298755496846,0.0
2021-03-21,20-29,0.2697963062754656,0.10714453003931956,0.6230591636852149,0.0
2021-03-21,30-39,0.22929476113103522,0.08874980732892568,0.6819554315400391,0.0
2021-03-21,40-49,0.19105257000157294,0.0716001447844482,0.7373472852139789,0.0
2021-03-21,50-59,0.1423717677687678,0.06342364890889873,0.7942045833223335,0.0
2021-03-21,60-69,0.1306275941492194,0.04602071292780463,0.8233516929229759,0.0
2021-03-21,70-79,0.06760586357026929,0.033013036956372366,0.8993810994733583,0.0
2021-03-21,80-89,0.07316789562686793,0.03758038434630706,0.8892517200268251,0.0
2021-03-21,90+,0.1690325687389781,0.043941519087951075,0.7870259121730708,0.0
2021-03-28,0-19,0.8884712969428445,0.017312827100740266,0.09421587595641517,0.0
2021-03-28,20-29,0.2613602072563479,0.09060787636037182,0.6480319163832803,0.0
2021-03-28,30-39,0.22287487306348056,0.07449012058321824,0.7026350063533012,0.0
2021-03-28,40-49,0.18615883847478523,0.06192459472773493,0.7519165667974799,0.0
2021-03-28,50-59,0.13804646980340063,0.05637410424235534,0.805579425954244,0.0
2021-03-28,60-69,0.1276806049630004,0.042018105592634414,0.8303012894443652,0.0
2021-03-28,70-79,0.06509245858139469,0.030002630980997202,0.9049049104376081,0.0
2021-03-28,80-89,0.06998061347623415,0.03420061184107026,0.8958187746826956,0.0
2021-03-28,90+,0.1647172035799739,0.041792789548198095,0.793490006871828,0.0
2021-04-04,0-19,0.886304847602704,0.015283805174379772,0.09841134722291621,0.0
2021-04-04,20-29,0.24978120202274356,0.07729976666742255,0.6729190313098339,0.0
2021-04-04,30-39,0.21345250890642056,0.06375074991591934,0.7227967411776601,0.0
2021-04-04,40-49,0.17949061446975142,0.054898249132742105,0.7656111363975064,0.0
2021-04-04,50-59,0.1323344529669274,0.0520429502006744,0.8156225968323982,0.0
2021-04-04,60-69,0.12347402624145815,0.040167793730545465,0.8363581800279964,0.0
2021-04-04,70-79,0.06139233695128388,0.029037029064367337,0.9095706339843488,0.0
2021-04-04,80-89,0.06555333532036783,0.03291137411721845,0.9015352905624137,0.0
2021-04-04,90+,0.15793079945025368,0.04249112664861776,0.7995780739011286,0.0
2021-04-11,0-19,0.884975070887427,0.014753771250307399,0.10027115786226558,0.0
2021-04-11,20-29,0.24280016659413264,0.07297428068087619,0.6842255527249912,0.0
2021-04-11,30-39,0.20773303261872836,0.060329188578984394,0.7319377788022873,0.0
2021-04-11,40-49,0.17552441786095713,0.052862327893826055,0.7716132542452168,0.0
2021-04-11,50-59,0.12877278735287875,0.051102464344679244,0.820124748302442,0.0
2021-04-11,60-69,0.12080385536531545,0.03981547951772102,0.8393806651169635,0.0
2021-04-11,70-79,0.05897021785788898,0.029030943338001935,0.911998838804109,0.0
2021-04-11,80-89,0.06254959048458797,0.0330680523128255,0.9043823572025865,0.0
2021-04-11,90+,0.15325731270129067,0.04293877863606643,0.803803908662643,0.0
2021-04-18,0-19,0.8834349152017158,0.014705338681574337,0.10185974611670984,0.0
2021-04-18,20-29,0.23498533068107405,0.0711416323705214,0.6938730369484045,0.0
2021-04-18,30-39,0.20149986570101852,0.058862805148869435,0.739637329150112,0.0
2021-04-18,40-49,0.17099686565990235,0.05230455351746521,0.7766985808226324,0.0
2021-04-18,50-59,0.12478479938318603,0.05098885646419171,0.8242263441526223,0.0
2021-04-18,60-69,0.11791911718662557,0.039818128496764915,0.8422627543166096,0.0
2021-04-18,70-79,0.056657641839069725,0.028927485989791668,0.9144148721711386,0.0
2021-04-18,80-89,0.060177034951110576,0.03206531186094064,0.9077576531879488,0.0
2021-04-18,90+,0.1502490913456363,0.040969109891292654,0.808781798763071,0.0
2021-04-25,0-19,0.8823124904213272,0.014160774986882035,0.10352673459179074,0.0
2021-04-25,20-29,0.2294040835540849,0.06746932902305214,0.7031265874228629,0.0
2021-04-25,30-39,0.1967629575973988,0.05618314918065148,0.7470538932219497,0.0
2021-04-25,40-49,0.16759202464336856,0.05079775692771338,0.7816102184289181,0.0
2021-04-25,50-59,0.12199730705782078,0.04981646998617051,0.8281862229560087,0.0
2021-04-25,60-69,0.11590324413429957,0.03902078580458346,0.845075970061117,0.0
2021-04-25,70-79,0.054986095664063525,0.028018684185904807,0.9169952201500317,0.0
2021-04-25,80-89,0.058305849643575575,0.030306039550267894,0.9113881108061566,0.0
2021-04-25,90+,0.14808245572638526,0.03753114262768764,0.8143864016459271,0.0
2021-05-02,0-19,0.8814431258125689,0.01385171465765421,0.10470515952977692,0.0
2021-05-02,20-29,0.22540635667487033,0.06545528434213144,0.7091383589829983,0.0
2021-05-02,30-39,0.19312148023953557,0.05480805164601632,0.7520704681144481,0.0
2021-05-02,40-49,0.1651397870561253,0.05000451760595448,0.7848556953379202,0.0
2021-05-02,50-59,0.11989029080011822,0.04944636596313867,0.8306633432367431,0.0
2021-05-02,60-69,0.11448604034587066,0.03857708181474817,0.8469368778393812,0.0
2021-05-02,70-79,0.05382169335283348,0.027485168841212326,0.9186931378059542,0.0
2021-05-02,80-89,0.057007658879974735,0.02916900350214846,0.9138233376178768,0.0
2021-05-02,90+,0.14668578152554573,0.03529288269044495,0.8180213357840094,0.0
2021-05-09,0-19,0.8808156213439212,0.013439735119868651,0.10574464353621015,0.0
2021-05-09,20-29,0.22265193453296941,0.0634949578997045,0.7138531075673261,0.0
2021-05-09,30-39,0.1906401636260417,0.05327444860195718,0.7560853877720011,0.0
2021-05-09,40-49,0.16342080342432283,0.04909130755155944,0.7874878890241177,0.0
2021-05-09,50-59,0.11840987470799147,0.0488057112144098,0.8327844140775987,0.0
2021-05-09,60-69,0.1135390303377149,0.0379068901166687,0.8485540795456165,0.0
2021-05-09,70-79,0.05298794884078549,0.026852253299219697,0.9201597978599948,0.0
2021-05-09,80-89,0.05608549578583069,0.02813940393101677,0.9157751002831526,0.0
2021-05-09,90+,0.14527120124520826,0.03360971121763823,0.8211190875371535,0.0
2021-05-16,0-19,0.8803963769208257,0.013116145020020911,0.10648747805915341,0.0
2021-05-16,20-29,0.2208519842808284,0.061554873112362074,0.7175931426068095,0.0
2021-05-16,30-39,0.18914805417083702,0.05148275543522374,0.7593691903939392,0.0
2021-05-16,40-49,0.16241179584461377,0.04796680575908863,0.7896213983962976,0.0
2021-05-16,50-59,0.11749866923356535,0.04781134945632792,0.8346899813101067,0.0
2021-05-16,60-69,0.11288075904533248,0.03709762701879016,0.8500216139358774,0.0
2021-05-16,70-79,0.05245849064700319,0.026156451918118884,0.921385057434878,0.0
2021-05-16,80-89,0.0555214542816455,0.027239623436245197,0.9172389222821093,0.0
2021-05-16,90+,0.1444475215883029,0.03215931877830491,0.8233931596333922,0.0
2021-05-23,0-19,0.8798984295735389,0.012843106413788316,0.10725846401267275,0.0
2021-05-23,20-29,0.2187717649582848,0.06026952801448815,0.7209587070272271,0.0
2021-05-23,30-39,0.18730573882570112,0.05008442149083003,0.7626098396834688,0.0
2021-05-23,40-49,0.1611547890638582,0.04718610069297835,0.7916591102431635,0.0
2021-05-23,50-59,0.11632042667923029,0.04730538446281618,0.8363741888579536,0.0
2021-05-23,60-69,0.11212580001785166,0.036642002623257786,0.8512321973588906,0.0
2021-05-23,70-79,0.05185600373683712,0.025661479507073315,0.9224825167560896,0.0
2021-05-23,80-89,0.05485892934022162,0.02647413853770808,0.9186669321220703,0.0
2021-05-23,90+,0.14337315681842636,0.031389357359893344,0.8252374858216803,0.0
2021-05-30,0-19,0.8793126981954236,0.012949052657891869,0.1077382491466846,0.0
2021-05-30,20-29,0.21696870060536155,0.06016287006269594,0.7228684293319425,0.0
2021-05-30,30-39,0.1858393553955862,0.049722597396019474,0.7644380472083944,0.0
2021-05-30,40-49,0.16012877070862608,0.04705001448879398,0.7928212148025799,0.0
2021-05-30,50-59,0.11544552887794968,0.047178893214438244,0.8373755779076121,0.0
2021-05-30,60-69,0.11157746135578665,0.03644068021592961,0.8519818584282838,0.0
2021-05-30,70-79,0.05137117420306712,0.02549513631975464,0.9231336894771782,0.0
2021-05-30,80-89,0.054429183432271,0.026187641265741024,0.919383175301988,0.0
2021-05-30,90+,0.1424778528435292,0.03121029656491392,0.8263118505915569,0.0
2021-06-06,0-19,0.8748060476748126,0.017123031972017616,0.10807092035316979,0.0
2021-06-06,20-29,0.21548405305742344,0.060431461255165075,0.7240844856874115,0.0
2021-06-06,30-39,0.18457795029441204,0.049912638032972745,0.7655094116726152,0.0
2021-06-06,40-49,0.15929971922787134,0.04719326312477745,0.7935070176473512,0.0
2021-06-06,50-59,0.11472288906082767,0.04728781623387479,0.8379892947052975,0.0
2021-06-06,60-69,0.1111112410440792,0.03643670674736388,0.8524520522085569,0.0
2021-06-06,70-79,0.050967487687501305,0.025426164754281166,0.9236063475582176,0.0
2021-06-06,80-89,0.05403077316344178,0.026098110868251423,0.9198711159683068,0.0
2021-06-06,90+,0.14140348807365266,0.03121029656491392,0.8273862153614334,0.0
2021-06-13,0-19,0.871775076982787,0.019794088137645688,0.10843083487956731,0.0
2021-06-13,20-29,0.21403833176926346,0.06060195827299342,0.7253597099577431,0.0
2021-06-13,30-39,0.18329081916814818,0.049935874442731176,0.7667733063891207,0.0
2021-06-13,40-49,0.15836949839795322,0.0473096526415141,0.7943208489605327,0.0
2021-06-13,50-59,0.1139967355979174,0.04732646633754578,0.8386767980645368,0.0
2021-06-13,60-69,0.11059866359910538,0.036428759810232525,0.8529725765906621,0.0
2021-06-13,70-79,0.050624658435588624,0.025290250198789166,0.9240850913656222,0.0
2021-06-13,80-89,0.053663698533733956,0.025999627431012584,0.9203366740352534,0.0
2021-06-13,90+,0.14032912330377612,0.03129982696240363,0.8283710497338203,0.0
2021-06-20,0-19,0.8603628502715059,0.030677491739072693,0.10895965798942137,0.0
2021-06-20,20-29,0.2116669440235794,0.06171135667667016,0.7266216992997504,0.0
2021-06-20,30-39,0.18122858780208387,0.0507881527578008,0.7679832594401154,0.0
2021-06-20,40-49,0.15686001589627666,0.0479435278557413,0.7951964562479821,0.0
2021-06-20,50-59,0.11269083057994167,0.04792612855207823,0.8393830408679801,0.0
2021-06-20,60-69,0.10987814129919385,0.03664994956038925,0.8534719091404169,0.0
2021-06-20,70-79,0.05007288591180017,0.025345021736077,0.9245820923521229,0.0
2021-06-20,80-89,0.05301907967180802,0.026187641265741024,0.9207932790624509,0.0
2021-06-20,90+,0.13925475853389954,0.031478887757383056,0.8292663537087174,0.0
2021-06-27,0-19,0.8381810364953206,0.04886119696634425,0.1129577665383352,0.0
2021-06-27,20-29,0.20756878739413726,0.06452183263265165,0.7279093799732111,0.0
2021-06-27,30-39,0.17757383249578723,0.05322465629533202,0.7692015112088808,0.0
2021-06-27,40-49,0.15405950506279845,0.049812922555326544,0.796127572381875,0.0
2021-06-27,50-59,0.11031794845759292,0.04940420221367947,0.8402778493287276,0.0
2021-06-27,60-69,0.10842252731462995,0.03746715959539915,0.8541103130899709,0.0
2021-06-27,70-79,0.04906671248606828,0.025779136883469334,0.9251541506304624,0.0
2021-06-27,80-89,0.0518417549448183,0.026756159289800685,0.921402085765381,0.0
2021-06-27,90+,0.13807295728703534,0.03158632423437069,0.8303407184785939,0.0
2021-07-04,0-19,0.8141472823722049,0.06975107197157532,0.11610164565621975,0.0
2021-07-04,20-29,0.20215803728497633,0.0686114254849427,0.729230537230081,0.0
2021-07-04,30-39,0.17310663271972118,0.05638480802248402,0.7705085592577948,0.0
2021-07-04,40-49,0.15033683113517618,0.052463917624996914,0.7971992512398269,0.0
2021-07-04,50-59,0.10732783589177045,0.051542841283476526,0.8411293228247531,0.0
2021-07-04,60-69,0.10650466648692428,0.03866979608128096,0.8548255374317948,0.0
2021-07-04,70-79,0.047549338045650036,0.026746767375554148,0.9257038945787958,0.0
2021-07-04,80-89,0.05020334867075655,0.027835000579551683,0.9219616507496917,0.0
2021-07-04,90+,0.136300255416739,0.032284661334790465,0.8314150832484705,0.0
2021-07-11,0-19,0.8119596437832437,0.06280947405790999,0.12523088215884634,0.0
2021-07-11,20-29,0.20023040890076302,0.06919531938161472,0.7305742717176222,0.0
2021-07-11,30-39,0.17181120287568644,0.05651343814793264,0.771675358976381,0.0
2021-07-11,40-49,0.14934304372304036,0.05257851653378365,0.7980784397431759,0.0
2021-07-11,50-59,0.10652203979099259,0.05166933253185435,0.841808627677153,0.0
2021-07-11,60-69,0.10600136046860373,0.03870953076693773,0.8552891087644585,0.0
2021-07-11,70-79,0.047214623095557774,0.02665142432916434,0.9261339525752779,0.0
2021-07-11,80-89,0.049787032322429384,0.02777680582118336,0.9224361618563872,0.0
2021-07-11,90+,0.1354049514418419,0.03192653974483162,0.8326685088133264,0.0
2021-07-18,0-19,0.8091693224171105,0.04721872747918443,0.14361195010370512,0.0
2021-07-18,20-29,0.19855424415471648,0.06949583010710192,0.7319499257381816,0.0
2021-07-18,30-39,0.17052241200586837,0.05630762994721472,0.7731699580469169,0.0
2021-07-18,40-49,0.14835015161487944,0.05254270437478792,0.7991071440103327,0.0
2021-07-18,50-59,0.10574669528704646,0.051539327637688204,0.8427139770752653,0.0
2021-07-18,60-69,0.1054927564921956,0.03858767773092331,0.8559195657768811,0.0
2021-07-18,70-79,0.04679065082544091,0.026474938264570258,0.9267344109099889,0.0
2021-07-18,80-89,0.04931252121573391,0.027373919032479765,0.9233135597517863,0.0
2021-07-18,90+,0.13433058667196535,0.03167585463186051,0.8339935586961742,0.0
2021-07-25,0-19,0.803789069437977,0.03065236734404242,0.16555856321798057,0.0
2021-07-25,20-29,0.19603182252109327,0.06967878352805912,0.7342893939508476,0.0
2021-07-25,30-39,0.16848839628022508,0.05603211251722151,0.7754794912025534,0.0
2021-07-25,40-49,0.1468039616502321,0.05252658890323969,0.8006694494465282,0.0
2021-07-25,50-59,0.10452511776798934,0.05142923340298888,0.8440456488290218,0.0
2021-07-25,60-69,0.10473382399614908,0.038298939015150024,0.8505593566817672,0.006407880306933721
2021-07-25,70-79,0.04614962098162786,0.02612602328629221,0.9195147108652716,0.008209644866808346
2021-07-25,80-89,0.04856046587682032,0.027024750482269932,0.9195264239379715,0.004888359702938328
2021-07-25,90+,0.13316669150459906,0.03079845673646131,0.8333847519932441,0.002650099765695504
2021-08-01,0-19,0.7994970357375645,0.031097038865722793,0.16940592539671276,0.0
2021-08-01,20-29,0.19442650356784294,0.07010230123444527,0.7354711951977118,0.0
2021-08-01,30-39,0.16726267566546574,0.05631841828031692,0.7764189060542174,0.0
2021-08-01,40-49,0.14588985629186213,0.05282024860700596,0.8012898951011319,0.0
2021-08-01,50-59,0.10374977326404321,0.051602573261877116,0.8446476534740797,0.0
2021-08-01,60-69,0.10398681190579964,0.03774662688451924,0.6362185418428303,0.22204801936685084
2021-08-01,70-79,0.045352390827771746,0.02560062224342008,0.5887899686932021,0.340257018235606
2021-08-01,80-89,0.047441335908198906,0.026836736647541493,0.6198278948610318,0.3058940325832278
2021-08-01,90+,0.1312865531573151,0.03078055065696339,0.5822698931140973,0.2556630030716243
2021-08-08,0-19,0.7924800646388083,0.035272531697621456,0.17224740366357028,0.0
2021-08-08,20-29,0.19199049823092718,0.0710217394904048,0.736987762278668,0.0
2021-08-08,30-39,0.16513820391611983,0.057186464159151296,0.7773018896250392,0.00037344229968971183
2021-08-08,40-49,0.144159233708386,0.05362065036056396,0.8001636027007113,0.0020565132303387067
2021-08-08,50-59,0.10220376911720197,0.05194222568807716,0.7912987982554295,0.05455520693929136
2021-08-08,60-69,0.1025073571098416,0.03720226169101992,0.4108738680559798,0.44941651314315867
2021-08-08,70-79,0.04394861661283936,0.025040735417811266,0.3024038002433541,0.6286068477259953
2021-08-08,80-89,0.0457581644353923,0.026568145455072356,0.33773551845044425,0.5899381716590911
2021-08-08,90+,0.1289766689020805,0.03151469991637901,0.3461782349337241,0.4933303962478164
2021-08-15,0-19,0.7828789132945889,0.040337972979990006,0.17678311372542105,0.0
2021-08-15,20-29,0.1885984639538604,0.07223779584587386,0.7391637402002658,0.0
2021-08-15,30-39,0.16192577026701122,0.05853085643803413,0.7685152072492288,0.011028166045725735
2021-08-15,40-49,0.141347979227209,0.054609961252825356,0.7335717883518377,0.07047027116812797
2021-08-15,50-59,0.09924410814821122,0.05130039972408551,0.5118152137491547,0.33764027837854854
2021-08-15,60-69,0.10045307386138064,0.03710292497687773,0.28693211206550095,0.5755118890962407
2021-08-15,70-79,0.04216549878780241,0.025026535389625515,0.19057249255434727,0.7422354732682248
2021-08-15,80-89,0.043882502607982814,0.026774065369298716,0.21773345017510748,0.711609981847611
2021-08-15,90+,0.12698909407780887,0.03162213639336664,0.24072933277034014,0.6006594367584843
2021-08-22,0-19,0.7710810422547709,0.04769003691366802,0.18122892083156106,0.0
2021-08-22,20-29,0.18413985015887271,0.07485831165413792,0.7410018381869894,0.0
2021-08-22,30-39,0.1574079483125428,0.06100802369264258,0.6576899807779788,0.12389404721683589
2021-08-22,40-49,0.13717407209623858,0.056015588493413815,0.5258738004313521,0.28093653897899545
2021-08-22,50-59,0.09601741009931153,0.051792310134444075,0.38413986674058687,0.46805041302565753
2021-08-22,60-69,0.09848223345279912,0.03731881676894677,0.2288704648941381,0.635328484884116
2021-08-22,70-79,0.040512209791892156,0.025251707265142143,0.14295371232122167,0.791282370621744
2021-08-22,80-89,0.04221276069479967,0.02712323391950855,0.16889461834446906,0.7617693870412228
2021-08-22,90+,0.12491198885604754,0.03253534644776179,0.1953016090840598,0.6472510556121309
2021-08-29,0-19,0.7607143536210147,0.05153800449950935,0.17105565976918252,0.016691982110293404
2021-08-29,20-29,0.1773986004904951,0.07753488127648256,0.5957952113366084,0.14927130689641396
2021-08-29,30-39,0.15191502701999568,0.06352253517721995,0.532415026924068,0.25214741087871634
2021-08-29,40-49,0.1330520925958122,0.05729408256956692,0.42147777574244727,0.3881760490921736
2021-08-29,50-59,0.09293242909720562,0.052244399225868876,0.32075369672009635,0.5340694749568292
2021-08-29,60-69,0.096786886864772,0.03715590455775353,0.197678736653483,0.6683784719239915
2021-08-29,70-79,0.03912060702969039,0.02497379242779274,0.11934920832562446,0.8165563922168924
2021-08-29,80-89,0.040927999490822285,0.027082945240638145,0.14452444414776922,0.7874646111207704
2021-08-29,90+,0.12330044170123271,0.03289346803772053,0.17100305920535186,0.6728030310556949
2021-09-05,0-19,0.7565984933893687,0.04945782567242457,0.16930391429881875,0.024639766639388008
2021-09-05,20-29,0.17429851316176434,0.07820363441947087,0.5395895848429577,0.20790826757580702
2021-09-05,30-39,0.14952001707131898,0.06398311401350398,0.48929488938656257,0.29720197952861444
2021-09-05,40-49,0.13120239458367472,0.057389880094880885,0.38651257430681474,0.4248951510146296
2021-09-05,50-59,0.09157967546871953,0.05201015617331717,0.2978810338536855,0.5585291345042779
2021-09-05,60-69,0.0959882196830686,0.03676518014879415,0.1863437553250955,0.6809028448430418
2021-09-05,70-79,0.038394377016762946,0.024618791723149513,0.11090222013056883,0.8260846111295187
2021-09-05,80-89,0.04013117895316384,0.026948649644403577,0.1369412194803905,0.795978951922042
2021-09-05,90+,0.12249466812382528,0.032642782924749425,0.16409131251914588,0.6807712364322794
2021-09-12,0-19,0.7527632393528197,0.04608479996372175,0.1698351590371095,0.031316801646349035
2021-09-12,20-29,0.17102170061364086,0.07864583673055059,0.490017771540697,0.2603146911151116
2021-09-12,30-39,0.14690260148638265,0.06405780247344184,0.4480228762966328,0.3410167197435427
2021-09-12,40-49,0.129119917538064,0.05730124500136613,0.3513835322437761,0.4621953052167938
2021-09-12,50-59,0.09013322461921278,0.05138706965352957,0.27379382075979397,0.5846858849674637
2021-09-12,60-69,0.09512995047287988,0.035900288490996024,0.17426705986444613,0.694702701171678
2021-09-12,70-79,0.03773914714476416,0.023754618579274966,0.10206371687267812,0.8364425174032828
2021-09-12,80-89,0.039388076653999224,0.02626821862348172,0.12819857616552,0.806145128556999
2021-09-12,90+,0.12145611551294462,0.03235628565278226,0.15417134447728564,0.6920162543569874
2021-09-19,0-19,0.7491111209667927,0.04287644498871135,0.17265877779424668,0.03535365625024931
2021-09-19,20-29,0.16772075378445492,0.07899773011894484,0.4605194518808255,0.2927620642157747
2021-09-19,30-39,0.144300953465211,0.06395655811663714,0.4198122151062948,0.3719302733118571
2021-09-19,40-49,0.1269649208704866,0.0570433974565957,0.3273338768700894,0.4886578048028283
2021-09-19,50-59,0.08844198977978948,0.05083425604950764,0.2558379195664432,0.6048858346042597
2021-09-19,60-69,0.09428227717886632,0.03502480091702265,0.16401683545449164,0.7066760864496194
2021-09-19,70-79,0.037092031574585786,0.022924931218137212,0.09432673008690917,0.8456563071203679
2021-09-19,80-89,0.03874793431194778,0.025587787602559975,0.1206645932167606,0.8149996848687316
2021-09-19,90+,0.12038175074306806,0.03192653974483173,0.1467940397241333,0.700897669787967
2021-09-26,0-19,0.7444352591591706,0.04267363360714166,0.1703300793488504,0.04256102788483731
2021-09-26,20-29,0.16155483423559816,0.08143607103144734,0.40697560303080377,0.35003349170215076
2021-09-26,30-39,0.13872504499495505,0.06615239883881263,0.36323404695974926,0.43188850920648303
2021-09-26,40-49,0.12233172280039396,0.058419479666012575,0.2805282803664424,0.5387205171671511
2021-09-26,50-59,0.08473860711894708,0.051388240868792345,0.2214041908413431,0.6424689611709175
2021-09-26,60-69,0.09250083877191596,0.03455593162627135,0.14664615537482317,0.7262970742269895
2021-09-26,70-79,0.036246115609807165,0.022054672347897264,0.08384508071038366,0.8578541313319119
2021-09-26,80-89,0.03779443557868233,0.025189377333730723,0.11157278135168036,0.8254434057359066
2021-09-26,90+,0.1193073859731915,0.03156841815487288,0.13843190059859412,0.7106922952733415
2021-10-03,0-19,0.7399210410496951,0.04319731075656785,0.16692890220957152,0.049952745984165506
2021-10-03,20-29,0.15186920227760234,0.08684682114060827,0.35002259234941285,0.4112613842323765
2021-10-03,30-39,0.13138648887016366,0.0701673184963656,0.31532222978133634,0.4831239628521344
2021-10-03,40-49,0.11644778507737003,0.06120029381204306,0.24405091051720862,0.5783010105933782
2021-10-03,50-59,0.08017438123997717,0.05300334671613627,0.1933980914782616,0.6734241805656249
2021-10-03,60-69,0.09016973721337869,0.034982417252321873,0.131773462533451,0.7430743830008484
2021-10-03,70-79,0.03495797019581574,0.021782843236913263,0.07388071807490981,0.8693784684923612
2021-10-03,80-89,0.0363082309803531,0.02521623645297766,0.10094552316965144,0.8375300093970178
2021-10-03,90+,0.11764212057988284,0.031443075598387105,0.1262915786989891,0.7246232251227409
2021-10-10,0-19,0.7377863755827857,0.04279562313963803,0.16628444634186726,0.053133554935709
2021-10-10,20-29,0.14713265498779873,0.08931474601054212,0.32811722892186457,0.4354353700797946
2021-10-10,30-39,0.12804708483916055,0.07171668910418927,0.2984252105280426,0.5018110155286075
2021-10-10,40-49,0.11411014639891362,0.06215468784928346,0.23188014828245695,0.591855017469346
2021-10-10,50-59,0.07821259567485667,0.053761122991141,0.1841384636108928,0.6838878177231095
2021-10-10,60-69,0.08913266191773397,0.035199633533912866,0.12640927996977147,0.7492584245785817
2021-10-10,70-79,0.03428448314472101,0.02173415742599083,0.06986616724925776,0.8741151921800304
2021-10-10,80-89,0.03554722260169054,0.025198330373479738,0.09615564690395173,0.843098800120878
2021-10-10,90+,0.1165677558100063,0.031443075598387105,0.11948726848977098,0.7325019001018356
2021-10-17,0-19,0.7364420690968888,0.0419928533128876,0.16634710597766567,0.055217971612557926
2021-10-17,20-29,0.14377721139492342,0.09099558190776202,0.3141014398261489,0.4511257668711657
2021-10-17,30-39,0.12580975052813065,0.07270755600603274,0.2875530603764094,0.5139296330894273
2021-10-17,40-49,0.11256753765016586,0.0627563321204142,0.22437391975691956,0.6003022104725003
2021-10-17,50-59,0.07693479982318713,0.054283484998331355,0.1784323028507333,0.6903494123277482
2021-10-17,60-69,0.0883962457435597,0.03536254574510611,0.12311130106024992,0.7531299074510842
2021-10-17,70-79,0.033744882073663184,0.021707785945074387,0.06718236192215432,0.8773649700591081
2021-10-17,80-89,0.03488022114039218,0.025278907731220546,0.09278930395833851,0.8470515671700488
2021-10-17,90+,0.11567245183510916,0.03126401480340779,0.11465262702532641,0.7384109063361567
2021-10-24,0-19,0.7350402489356214,0.04117131586575318,0.16683476140409662,0.05695367379452885
2021-10-24,20-29,0.14114501770872584,0.0918659730764011,0.3043457406005524,0.4626432686143206
2021-10-24,30-39,0.12405540159136608,0.07308016843394538,0.27933815965501274,0.5235262703196758
2021-10-24,40-49,0.11119235074472388,0.06310908188652375,0.2187514107945655,0.6069471565741869
2021-10-24,50-59,0.07581511803199,0.054470879440372766,0.1741257443295703,0.6955882581980669
2021-10-24,60-69,0.08774194791974299,0.035346651870843404,0.12050867914972396,0.7564027210596896
2021-10-24,70-79,0.033253966813527866,0.021691557341433576,0.0648839859315209,0.8801704899135177
2021-10-24,80-89,0.034204266639344845,0.025135659095236962,0.09014815723239189,0.8505119170330263
2021-10-24,90+,0.11477714786021202,0.030995423610938655,0.11126837800021527,0.7429590505286341
2021-10-31,0-19,0.7340143865891443,0.04061888187864174,0.1669637131183484,0.05840301841386557
2021-10-31,20-29,0.138769737337064,0.09228481963161383,0.29717240944863754,0.47177303358268463
2021-10-31,30-39,0.12252760764974661,0.07318971150852105,0.2733332074760022,0.5309494733657302
2021-10-31,40-49,0.11010545171919876,0.06308938519907603,0.21486937275941154,0.6119357903223137
2021-10-31,50-59,0.07494958995281147,0.054372497358301075,0.17098922985590304,0.6996886828329845
2021-10-31,60-69,0.08721082762146262,0.03521155393960995,0.11875505502273342,0.758822563416194
2021-10-31,70-79,0.032842165996141634,0.021575928540492617,0.06344775450930673,0.882134150954059
2021-10-31,80-89,0.03373423205252385,0.025001363499002283,0.08841126752109152,0.8528531369273823
2021-10-31,90+,0.11370278309033548,0.030995423610938655,0.10910174238096426,0.7462000509177616
2021-11-07,0-19,0.7332040491735293,0.04034796219729117,0.16682446948324087,0.059623519145938594
2021-11-07,20-29,0.1370258408990035,0.09238057823066803,0.29154522933511023,0.47904835153521824
2021-11-07,30-39,0.12131267536808941,0.07324199343047755,0.2683863418127792,0.5370589893886538
2021-11-07,40-49,0.10922626321584977,0.06309475702292533,0.21163822071400784,0.616040759047217
2021-11-07,50-59,0.07429488062092945,0.05424600610992314,0.1686233750251308,0.7028357382440166
2021-11-07,60-69,0.08680288484871859,0.035083078455986016,0.11738155938852712,0.7607324773067683
2021-11-07,70-79,0.03254599397969636,0.021458271164096487,0.062216409208058376,0.8837793256481488
2021-11-07,80-89,0.033443258260682285,0.02475515490590563,0.08699668724075404,0.854804899592658
2021-11-07,90+,0.11262841832045892,0.03117448440591808,0.10711416755669256,0.7490829297169305
2021-11-14,0-19,0.7324712038678873,0.04005403704579247,0.1667478854839317,0.06072687360238854
2021-11-14,20-29,0.13549370331413604,0.09241327628888174,0.2871232062243139,0.4849698141726683
2021-11-14,30-39,0.12024960962163937,0.07330921304442173,0.26434735587369074,0.5420938214602482
2021-11-14,40-49,0.1085046482120827,0.0630240280089085,0.20888784690312379,0.619583476875885
2021-11-14,50-59,0.07373855337111916,0.05410663149365491,0.16662293935633932,0.7055318757788867
2021-11-14,60-69,0.08645851757302558,0.03497579480471247,0.11612329434272572,0.7624423932795362
2021-11-14,70-79,0.03227619344416745,0.021320328033149427,0.06123052153687747,0.8851729569858057
2021-11-14,80-89,0.033111995789970344,0.024544758471804817,0.08625358494158941,0.8560896607966354
2021-11-14,90+,0.11173311434556178,0.030995423610938655,0.1063442061382811,0.7509272559052185
2021-11-21,0-19,0.7214322106394053,0.050102886947237996,0.16666222037798512,0.061802682035371564
2021-11-21,20-29,0.13407367335742965,0.09242495416681507,0.28297989513352917,0.49052147734222606
2021-11-21,30-39,0.11922222836160412,0.07332332086463222,0.26030422057571667,0.547150230198047
2021-11-21,40-49,0.10778571912024029,0.06291301031602137,0.206196563154583,0.6231047074091554
2021-11-21,50-59,0.07318573976709715,0.053935634065292115,0.16473728278329802,0.7081413433843127
2021-11-21,60-69,0.08612342172398585,0.034865862174395024,0.11496966396915409,0.764041052132465
2021-11-21,70-79,0.03200436433318343,0.02123918501494526,0.0603562055157274,0.8864002451361439
2021-11-21,80-89,0.03284340459750121,0.02422692556071626,0.08556420088091876,0.8573654689608637
2021-11-21,90+,0.11065874957568524,0.03117448440591808,0.10571749335585301,0.7524492726625437
2021-11-28,0-19,0.7057890963457372,0.06503162085209352,0.16582252071757575,0.06335676208459352
2021-11-28,20-29,0.13296661052933947,0.09233931639530324,0.2793177126136021,0.4953763604617552
2021-11-28,30-39,0.11827866415105479,0.07341045740122643,0.25630589835370554,0.5520049800940132
2021-11-28,40-49,0.10712498478676621,0.06289241832459869,0.20339157580123024,0.6265910210874048
2021-11-28,50-59,0.07265752168359306,0.05383842319848309,0.1625939588524501,0.7109100962654737
2021-11-28,60-69,0.08581614015490593,0.034695003026070426,0.11379616625275424,0.7656926905662694
2021-11-28,70-79,0.03171833519401368,0.021164127723106385,0.0593358320618097,0.8877817050210702
2021-11-28,80-89,0.03248080648766787,0.024217972520967357,0.08437344659430557,0.8589277743970593
2021-11-28,90+,0.1097634456007881,0.030995423610938655,0.1050728744939271,0.7541682562943461
2021-12-05,0-19,0.696051122994847,0.07404915974307952,0.16489049647301898,0.0650092207890545
2021-12-05,20-29,0.13175833942582613,0.09226379945133367,0.27585561106893464,0.5001222500539055
2021-12-05,30-39,0.11741393775932883,0.07341211714478058,0.2528187771463808,0.5563551679495098
2021-12-05,40-49,0.10648484244471476,0.06282527052648135,0.20111302718511714,0.6295768598436867
2021-12-05,50-59,0.07216795370376,0.05362760445118664,0.1608699299856695,0.7133345118593839
2021-12-05,60-69,0.08549826266965085,0.03459963978049385,0.11276571340471897,0.7671363841451363
2021-12-05,70-79,0.031480991865766444,0.021030241743069444,0.05843717313519836,0.8890515932559657
2021-12-05,80-89,0.03221221529519873,0.024079200404858336,0.08368853905350926,0.8600200452464337
2021-12-05,90+,0.10868908083091154,0.030995423610938655,0.10444616171149912,0.7558693338466507
2021-12-12,0-19,0.6840610351978696,0.07765133204260061,0.17052774476999222,0.06775988798953754
2021-12-12,20-29,0.13042316871543605,0.09235488689921456,0.27189136077312925,0.5053305836122202
2021-12-12,30-39,0.11638157726863105,0.07343950291342449,0.24879887825816527,0.5613800415597792
2021-12-12,40-49,0.10573726362567566,0.06277155228798748,0.19825790280917022,0.6332332812771666
2021-12-12,50-59,0.07159405822500833,0.053506969279122574,0.15865867556958135,0.7162402969262878
2021-12-12,60-69,0.0851366770301732,0.034438052058822555,0.11146903816278253,0.7689562327482217
2021-12-12,70-79,0.031201048452962007,0.02084766995211007,0.057341742389441896,0.890609539205486
2021-12-12,80-89,0.03194362410272959,0.023985193487494172,0.08264550992275399,0.8614256724870223
2021-12-12,90+,0.107614716061035,0.030995423610938655,0.10405222796254432,0.757337632365482
2021-12-19,0-19,0.6688326247739783,0.07867961601751433,0.17951289438063794,0.07297486482786941
2021-12-19,20-29,0.12916040084823333,0.09223888664507562,0.2684152457749418,0.5101854667317492
2021-12-19,30-39,0.11534091806016239,0.0734220756061057,0.24496736026334887,0.5662696460703831
2021-12-19,40-49,0.10499774254241064,0.0626247224361044,0.19528370300456188,0.637093832016923
2021-12-19,50-59,0.07101196423941736,0.0532539867823667,0.15653994715925124,0.7191941018189647
2021-12-19,60-69,0.08480423016017725,0.034161233748746356,0.11019223026367453,0.7708423058274019
2021-12-19,70-79,0.030937333643798408,0.02057786941658124,0.05620371155912818,0.8922810853804922
2021-12-19,80-89,0.03158550251277074,0.023850897891259604,0.08163829295099478,0.8629253066449749
2021-12-19,90+,0.10654035129115844,0.030995423610938655,0.10312111182865136,0.7593431132692515
