Sunday_date,Age_group,hosp_unvaccinated_rel,hosp_after_1st_dose_rel,hosp_after_2nd_dose_rel,hosp_after_3rd_dose_rel
2020-12-20,0-19,1.7258109489015696e-05,0.0,,
2020-12-20,20-29,4.075235286923263e-05,0.0,,
2020-12-20,30-39,6.737611282893887e-05,0.0,,
2020-12-20,40-49,8.69535703171099e-05,0.0,,
2020-12-20,50-59,0.00016681171833202402,0.0,,
2020-12-20,60-69,0.0002563729691915024,1.0437105999248528e-05,,
2020-12-20,70-79,0.0005397610656343537,1.2529601182794352e-05,,
2020-12-20,80-89,0.0008832854234596507,0.0,,
2020-12-20,90+,0.0011287350744066272,0.00022411474675033618,,
2020-12-27,0-19,2.7316863613143994e-05,0.0,,
2020-12-27,20-29,5.593426273660218e-05,0.0,,
2020-12-27,30-39,6.766590011936969e-05,1.2218963831867058e-05,,
2020-12-27,40-49,9.223352771176647e-05,8.370232106536313e-06,,
2020-12-27,50-59,0.0002489140201542612,6.633059166887769e-06,,
2020-12-27,60-69,0.00045642231097126816,5.2214349117423927e-05,,
2020-12-27,70-79,0.001124279467068966,9.139827942738978e-05,,
2020-12-27,80-89,0.0014368979254111057,0.0002546635258165149,,
2020-12-27,90+,0.0023357044598128983,0.0002846338388972472,,
2021-01-03,0-19,3.077536116918349e-05,0.0,,
2021-01-03,20-29,7.895782835500152e-05,9.377696087625193e-05,,
2021-01-03,30-39,0.00012211463242700862,6.377144314775843e-06,,
2021-01-03,40-49,0.00014388767187932113,7.460954338959446e-05,,
2021-01-03,50-59,0.00032301382206820374,0.00010569637395377105,,
2021-01-03,60-69,0.0007271031318486825,0.0001627372822873858,,
2021-01-03,70-79,0.0018540361129583526,0.00029741330803980515,,
2021-01-03,80-89,0.0032936558509231288,0.0007742539552973376,,
2021-01-03,90+,0.002863169542040247,0.0016070280694236126,,
2021-01-10,0-19,3.3867678530685726e-05,3.925725277745064e-05,0.0,
2021-01-10,20-29,8.739814425995722e-05,4.937580750018516e-05,0.0,
2021-01-10,30-39,0.00012210860692674834,5.175001293750323e-05,0.0,
2021-01-10,40-49,0.00017715520914040822,7.379501957412895e-05,0.0,
2021-01-10,50-59,0.0003479387813468366,0.0001430688539105037,0.0,
2021-01-10,60-69,0.0006377003675891622,0.0003594460795869638,0.0,
2021-01-10,70-79,0.0013962398860451254,0.000600379716595627,0.0,
2021-01-10,80-89,0.0026712289684217403,0.001172962226640159,4.405674508767292e-05,
2021-01-10,90+,0.0028012914241657455,0.0024113678771350653,0.0,
2021-01-17,0-19,3.748412533989424e-05,2.392516209297318e-05,0.0,
2021-01-17,20-29,0.00010119223360193047,6.524306303132319e-06,0.0,
2021-01-17,30-39,0.00012719684818339442,3.8448229459033414e-05,0.0,
2021-01-17,40-49,0.0002166059361869953,5.595476498998704e-05,9.676420498529184e-06,
2021-01-17,50-59,0.0004190968351034943,0.0001527153640140385,7.813354585657807e-06,
2021-01-17,60-69,0.0007152982604236619,0.0004998983257642513,3.339221493900912e-06,
2021-01-17,70-79,0.0014230569985765168,0.0008997379024371161,7.719874206681348e-05,
2021-01-17,80-89,0.0026201179264030675,0.0021617448369040727,7.889546351084812e-05,
2021-01-17,90+,0.0038079889350821935,0.004602197549329805,0.000311873468478503,
2021-01-24,0-19,3.339946920252166e-05,9.032689302586058e-06,0.0,
2021-01-24,20-29,0.00011161560205948933,5.483538417670154e-06,1.0134587319604346e-05,
2021-01-24,30-39,0.0001270364536604373,3.464231806596887e-05,6.900406433938959e-06,
2021-01-24,40-49,0.0002518018645933534,5.391901364151045e-05,4.481471356675824e-06,
2021-01-24,50-59,0.0004549153934017603,0.00017426262593514189,1.7610408455813723e-05,
2021-01-24,60-69,0.0006699200773189923,0.0007252036148610956,3.653132883783098e-05,
2021-01-24,70-79,0.0013101313005795285,0.0020197769829581316,0.0001076666970341966,
2021-01-24,80-89,0.0027188539977103894,0.0033467202141900937,0.0003184932148455308,
2021-01-24,90+,0.0024939413890932615,0.004871008479162909,0.0006484718619600767,
2021-01-31,0-19,3.2616754622997676e-05,6.571943060685322e-06,4.136846895296405e-05,
2021-01-31,20-29,0.00014547894561296268,4.5937761988798845e-05,8.144449964571642e-06,
2021-01-31,30-39,0.00020584085478794276,3.4383166001925455e-05,5.537435834962262e-06,
2021-01-31,40-49,0.0002982391044775235,0.00010828956630028697,2.1440746709738744e-05,
2021-01-31,50-59,0.0005726656690659388,0.00022728233751955686,2.643810047535705e-06,
2021-01-31,60-69,0.0007804037989013308,0.0006570110377854348,3.386481167180615e-05,
2021-01-31,70-79,0.0015277453019466494,0.001030603189144313,0.00012519365894117463,
2021-01-31,80-89,0.0029113064963743646,0.002966860725481415,0.0002991412885364366,
2021-01-31,90+,0.0028458939433682563,0.0043975373790677225,0.0007181806091235537,
2021-02-07,0-19,2.7780109552369382e-05,5.999592027742114e-06,0.0,
2021-02-07,20-29,0.00015768575804383782,2.1011493286827895e-05,5.435373410153278e-06,
2021-02-07,30-39,0.0002347902728099343,7.216048491845865e-05,4.149670308693975e-06,
2021-02-07,40-49,0.00033992929483801147,0.00011708186666263804,1.1829671655633527e-05,
2021-02-07,50-59,0.0005563885820729021,0.00020427463589937583,2.1357527140077613e-05,
2021-02-07,60-69,0.0008796535869895198,0.0004839463320205594,1.7120063001831845e-05,
2021-02-07,70-79,0.001661628174760997,0.00069617105917454,9.35789654718909e-05,
2021-02-07,80-89,0.0023414893624180816,0.0025416190113102047,0.0002101723413198823,
2021-02-07,90+,0.002339736965531636,0.001381533502187428,0.00015511090429657206,
2021-02-14,0-19,3.0153344852828267e-05,7.411909456114084e-06,0.0,
2021-02-14,20-29,0.0001961810270396248,3.0570756014796244e-05,3.7739266952478714e-06,
2021-02-14,30-39,0.00025269235099595523,3.47879141434279e-05,3.042056430146779e-06,
2021-02-14,40-49,0.00036688059659015904,7.729626749964762e-05,1.8614486538003336e-06,
2021-02-14,50-59,0.0005828656034337627,0.00019455095208372177,1.3521057114876833e-05,
2021-02-14,60-69,0.0004991950966182812,0.000453606169043899,1.8340446369783747e-05,
2021-02-14,70-79,0.0016211076865699668,0.0008900915014063446,7.395519794108729e-05,
2021-02-14,80-89,0.002979905175746701,0.0007642604043632321,0.00012720816787053528,
2021-02-14,90+,0.0019025632649401947,0.0015151515151515152,0.00017588823558972814,
2021-02-21,0-19,2.958789253671851e-05,7.627415984012936e-06,6.080173163331691e-06,
2021-02-21,20-29,0.00022120487968733875,6.272314966708483e-05,0.0,
2021-02-21,30-39,0.00025711019979113276,7.900788668011682e-05,2.2222024693113838e-06,
2021-02-21,40-49,0.0003927016799749448,0.00012604960536777396,1.6320268958032429e-06,
2021-02-21,50-59,0.0007679180453133703,0.00021160059573706183,1.441075330411553e-05,
2021-02-21,60-69,0.0007632838465090803,0.00030287089729488467,3.7415681090114774e-05,
2021-02-21,70-79,0.0016699943146516922,0.0004869226488592098,4.342539517109606e-05,
2021-02-21,80-89,0.0024660586280509334,0.0009854990848937068,9.716232045212866e-05,
2021-02-21,90+,0.0024139571549449492,0.00026896180742334586,2.4423602969910123e-05,
2021-02-28,0-19,3.387842794140096e-05,7.890604657034868e-06,0.0,
2021-02-28,20-29,0.00018868613195577476,2.2834113023150936e-05,0.0,
2021-02-28,30-39,0.00025181886093253035,0.00010222614467725502,1.7666221477885425e-06,
2021-02-28,40-49,0.0003534613130710203,0.00018163945636379177,1.4937144495960996e-06,
2021-02-28,50-59,0.000635307155705731,0.00036448525136465013,1.021320056172603e-05,
2021-02-28,60-69,0.0008420483883483096,0.0005761106132377416,2.777117248154519e-05,
2021-02-28,70-79,0.0019400584400686561,0.0007252883884782758,4.0309577555627215e-05,
2021-02-28,80-89,0.0033759642971190468,0.0012272596015015882,0.00012711797077345988,
2021-02-28,90+,0.0021817586911706674,0.000293513354857646,0.00011933743854121915,
2021-03-07,0-19,2.633786981844499e-05,0.0,0.0,
2021-03-07,20-29,0.00014905051869587227,6.487831499566842e-05,1.5958838962547797e-06,
2021-03-07,30-39,0.00029122382639774246,8.77654906090925e-05,1.4791914739403443e-06,
2021-03-07,40-49,0.0004002728897300892,0.00015214174077813586,8.16327641262097e-06,
2021-03-07,50-59,0.0006597127569527452,0.00028392028392028394,1.4381223874109961e-05,
2021-03-07,60-69,0.0006326707822245137,0.0005638461827613427,2.523888605652501e-05,
2021-03-07,70-79,0.0014056950486964694,0.0008590729821547112,4.189515040358995e-05,
2021-03-07,80-89,0.00221468192798355,0.0008664828672705789,5.723800603600791e-05,
2021-03-07,90+,0.000998806016365941,0.0003098853424233034,2.3469770935035674e-05,
2021-03-14,0-19,1.9339484462242918e-05,0.0,3.618023546097238e-06,
2021-03-14,20-29,0.00016480485499697418,3.9514758762397756e-05,1.345416971627847e-06,
2021-03-14,30-39,0.00014536220187034228,8.518734116110346e-05,1.2899796957195893e-06,
2021-03-14,40-49,0.00028883071472929475,9.94431185361973e-05,6.290922450540768e-06,
2021-03-14,50-59,0.00041062245566448035,0.00021244309559939302,9.073353526585682e-06,
2021-03-14,60-69,0.0004521779528240361,0.0003933233363652007,1.3059113710600247e-05,
2021-03-14,70-79,0.0012885207574175217,0.0009318217114458767,2.9631925892832722e-05,
2021-03-14,80-89,0.0030402571373647326,0.0006939625260235947,7.13568505124951e-05,
2021-03-14,90+,0.001342704153848827,0.000365764447695684,0.00011512514102829776,
2021-03-21,0-19,1.22443643233591e-05,1.5301282247452337e-05,0.0,
2021-03-21,20-29,6.348327943708915e-05,7.266121707538601e-06,1.2495204965094646e-06,
2021-03-21,30-39,0.00011943477691695729,6.545481747456612e-05,1.2169003115264798e-06,
2021-03-21,40-49,0.00013121263585678665,0.00012504220174308829,9.713783372917e-06,
2021-03-21,50-59,0.00023856726057627662,0.00014773230905599054,1.032291554527852e-05,
2021-03-21,60-69,0.0003650195282154129,0.0001726817475392851,1.769521440969569e-05,
2021-03-21,70-79,0.0008401654788994918,0.0004915816640039326,2.255523777731665e-05,
2021-03-21,80-89,0.002018988718923609,0.00011911852293031566,8.054448068946075e-05,
2021-03-21,90+,0.0012711926203234848,0.00040749796251018743,2.2751575546606603e-05,
2021-03-28,0-19,7.1547327055886e-06,0.0,0.0,
2021-03-28,20-29,8.340483696653769e-05,8.592246356887545e-06,1.201368599108104e-06,
2021-03-28,30-39,6.32992854536902e-05,1.1140695847862658e-05,1.1810851574209352e-06,
2021-03-28,40-49,0.00013947130034082963,1.4457970679235462e-05,1.1906959022200524e-06,
2021-03-28,50-59,0.00016968420335941942,2.0775767145201835e-05,7.269396567390941e-06,
2021-03-28,60-69,0.0002385895572192806,0.00015760938091035178,1.1166340184148901e-05,
2021-03-28,70-79,0.0005609614229922451,6.76132521974307e-05,1.120877692067997e-05,
2021-03-28,80-89,0.0010234879980881339,0.00013089005235602096,2.9982759913049995e-05,
2021-03-28,90+,0.00010870801050995737,0.0,2.2566231890598907e-05,
2021-04-04,0-19,7.85529016817222e-06,1.980550989285219e-05,0.0,
2021-04-04,20-29,6.857022931941989e-05,0.0,1.1569374015880123e-06,
2021-04-04,30-39,6.220563300679283e-05,1.3017443374121323e-05,1.1481398985503586e-06,
2021-04-04,40-49,5.486829354817388e-05,1.6308424932320038e-05,0.0,
2021-04-04,50-59,0.000159307529195907,2.2504782266231575e-05,1.4359769669294505e-06,
2021-04-04,60-69,0.00020381048291740102,0.0002308174234180763,1.5836391076510357e-06,
2021-04-04,70-79,0.0007269418665022501,6.98616738857063e-05,1.5611792702155988e-05,
2021-04-04,80-89,0.0012291877651525959,0.00013601741022850925,4.965440533884166e-06,
2021-04-04,90+,0.00011337927472204555,0.00042140750105351877,2.239441035517535e-05,
2021-04-11,0-19,4.104570596928504e-06,0.0,3.01884969751126e-06,
2021-04-11,20-29,4.1683775115498425e-05,1.066848742185333e-05,0.0,
2021-04-11,30-39,3.99489559569175e-05,0.0,0.0,
2021-04-11,40-49,3.570516228257459e-05,0.0,0.0,
2021-04-11,50-59,9.09520782173491e-06,2.291895856252292e-05,1.4280940371361574e-06,
2021-04-11,60-69,0.00010963967316199254,3.3265693090715545e-05,1.4201429926199903e-05,
2021-04-11,70-79,0.0005503999893622849,0.00034938159457759767,2.224318024093813e-06,
2021-04-11,80-89,0.0006441077960422114,0.0001353729524840937,4.949808937375017e-06,
2021-04-11,90+,0.00011683670542261698,0.0,2.2276676319893072e-05,
2021-04-18,0-19,6.167589585504187e-06,0.0,2.971768202080238e-06,
2021-04-18,20-29,3.313079983785663e-06,0.0,0.0,
2021-04-18,30-39,2.059236551352336e-05,1.4098406880022558e-05,0.0,
2021-04-18,40-49,3.6650542102594276e-05,1.7117132537957242e-05,0.0,
2021-04-18,50-59,9.385880880907384e-06,0.0,0.0,
2021-04-18,60-69,8.985749238946335e-05,3.326348002528024e-05,1.5725372101617355e-06,
2021-04-18,70-79,0.00025062864822482356,7.012622720897616e-05,2.2184410127626913e-06,
2021-04-18,80-89,0.0005207242122656499,0.0,2.4657020840114015e-05,
2021-04-18,90+,0.00011917595865356054,0.0,2.2139567835635848e-05,
2021-04-25,0-19,2.7446380539126715e-06,2.1376199739210364e-05,2.923916761937621e-06,
2021-04-25,20-29,2.7149479939546913e-05,1.1538949724796048e-05,0.0,
2021-04-25,30-39,4.217621991565446e-06,1.4770830563802602e-05,1.1108593163327423e-06,
2021-04-25,40-49,3.2052980210805845e-05,0.0,0.0,
2021-04-25,50-59,4.800168507831941e-05,2.351060328208022e-05,1.414193125041542e-06,
2021-04-25,60-69,5.7137724305691825e-05,0.0,1.5673023122411013e-06,
2021-04-25,70-79,0.00022135510047828992,0.0,0.0,
2021-04-25,80-89,7.677651388069418e-05,0.0,4.9117602275127336e-06,
2021-04-25,90+,0.0,0.00047709923664122136,0.0,
2021-05-02,0-19,4.121017622811047e-06,0.0,0.0,
2021-05-02,20-29,3.4538741810448516e-06,1.1894000666064038e-05,1.0978466835149538e-06,
2021-05-02,30-39,4.297149007241082e-06,0.0,1.10344949346151e-06,
2021-05-02,40-49,5.4214916396425214e-06,0.0,0.0,
2021-05-02,50-59,9.769058486238607e-06,0.0,7.0498793060662805e-06,
2021-05-02,60-69,1.1569004551950624e-05,3.433358511295749e-05,1.563858602160627e-06,
2021-05-02,70-79,3.769066576568074e-05,7.380618495829951e-05,2.208109946210442e-06,
2021-05-02,80-89,7.852488529498498e-05,0.0,0.0,
2021-05-02,90+,0.0001220709963277811,0.0,0.0,
2021-05-09,0-19,3.4366279076629975e-07,0.0,2.862589956889395e-06,
2021-05-09,20-29,3.4966019819039146e-06,0.0,0.0,
2021-05-09,30-39,4.353079441938157e-06,0.0,0.0,
2021-05-09,40-49,5.478518989852651e-06,1.8237525532535744e-05,0.0,
2021-05-09,50-59,9.891195862227056e-06,0.0,0.0,
2021-05-09,60-69,1.1665499678450374e-05,3.4940600978336826e-05,1.5608781500472165e-06,
2021-05-09,70-79,3.8283713551546035e-05,0.0,2.20459039812698e-06,
2021-05-09,80-89,7.981599898090916e-05,0.0,4.888230607167124e-06,
2021-05-09,90+,0.0,0.0005327650506126798,0.0,
2021-05-16,0-19,2.406785100004774e-06,0.0,0.0,
2021-05-16,20-29,3.525099392237171e-06,0.0,0.0,
2021-05-16,30-39,4.387419055015574e-06,0.0,0.0,
2021-05-16,40-49,5.512555108704696e-06,0.0,1.1338395548999443e-06,
2021-05-16,50-59,9.967902363475733e-06,0.0,1.4031739795417234e-06,
2021-05-16,60-69,1.1733527778319335e-05,0.0,1.5581833452014964e-06,
2021-05-16,70-79,3.8670107166350474e-05,0.0,2.201658729686946e-06,
2021-05-16,80-89,0.00040313424174531336,0.0,4.880429477794046e-06,
2021-05-16,90+,0.0,0.0,2.174669450243563e-05,
2021-05-23,0-19,3.440210192536835e-07,0.0,0.0,
2021-05-23,20-29,3.5586182509025784e-06,0.0,1.079847136839309e-06,
2021-05-23,30-39,4.430573148965246e-06,1.65694591728526e-05,1.088199671581339e-06,
2021-05-23,40-49,5.555553018919978e-06,0.0,0.0,
2021-05-23,50-59,1.0068870070329932e-05,2.475860361475613e-05,0.0,
2021-05-23,60-69,1.181253129685859e-05,0.0,1.555967368252353e-06,
2021-05-23,70-79,3.9119394263379413e-05,7.905138339920949e-05,2.1990394595640622e-06,
2021-05-23,80-89,0.0,0.00016909029421711193,4.87284315779728e-06,
2021-05-23,90+,0.0001248914364117656,0.0005704506560182544,2.1698092737648362e-05,
2021-05-30,0-19,3.442501799448934e-07,0.0,0.0,
2021-05-30,20-29,3.5881912616454283e-06,0.0,0.0,
2021-05-30,30-39,2.23276650772315e-05,0.0,0.0,
2021-05-30,40-49,5.591149990942258e-06,0.0,1.1292633927815225e-06,
2021-05-30,50-59,1.0145176466701723e-05,0.0,1.3986737775241515e-06,
2021-05-30,60-69,1.1870583053263647e-05,0.0,1.5545982684884485e-06,
2021-05-30,70-79,3.948859426661677e-05,7.956715467854869e-05,2.197488270906354e-06,
2021-05-30,80-89,0.0,0.00017094017094017094,4.869046981434324e-06,
2021-05-30,90+,0.0,0.0,2.1669881032353134e-05,
2021-06-06,0-19,3.4602361904810107e-07,0.0,0.0,
2021-06-06,20-29,3.6129132737040897e-06,1.288277958852402e-05,0.0,
2021-06-06,30-39,4.496050453288473e-06,0.0,1.0840778237788134e-06,
2021-06-06,40-49,0.0,0.0,1.128287406394456e-06,
2021-06-06,50-59,0.0,2.4767801857585138e-05,0.0,
2021-06-06,60-69,1.1920391757398688e-05,3.635041802980734e-05,1.5537407863171372e-06,
2021-06-06,70-79,0.0,7.978299026647519e-05,0.0,
2021-06-06,80-89,8.285130144157448e-05,0.00017152658662092623,4.866464221755041e-06,
2021-06-06,90+,0.0001266311018340359,0.0,2.1641742593113596e-05,
2021-06-13,0-19,3.472266672606208e-07,0.0,0.0,
2021-06-13,20-29,0.0,0.0,1.0732953386783442e-06,
2021-06-13,30-39,4.527623264790677e-06,0.0,0.0,
2021-06-13,40-49,5.653260153968516e-06,1.8924340486734036e-05,1.1271314054877773e-06,
2021-06-13,50-59,0.0,0.0,1.3965037133033737e-06,
2021-06-13,60-69,1.197563766861731e-05,0.0,1.5527926198872363e-06,
2021-06-13,70-79,4.007089663006081e-05,8.021175904387583e-05,2.1952258228803997e-06,
2021-06-13,80-89,8.341802739652073e-05,0.0,4.864002490369275e-06,
2021-06-13,90+,0.0,0.0,2.161601314253599e-05,
2021-06-20,0-19,1.7591621633016796e-06,0.0,0.0,
2021-06-20,20-29,3.678066970513803e-06,0.0,0.0,
2021-06-20,30-39,4.579143871024007e-06,0.0,0.0,
2021-06-20,40-49,5.707662145649325e-06,1.8674136321195144e-05,1.125890297752948e-06,
2021-06-20,50-59,1.0393172689659624e-05,2.4437927663734115e-05,1.3953287185161516e-06,
2021-06-20,60-69,1.2054167518994043e-05,3.6138918000795055e-05,1.5518841425374547e-06,
2021-06-20,70-79,4.051245336004398e-05,0.0,2.194045798511998e-06,
2021-06-20,80-89,8.443224405620832e-05,0.00017094017094017094,4.8615905179538535e-06,
2021-06-20,90+,0.00012858504575686451,0.0,0.0,
2021-06-27,0-19,2.166860437553893e-06,0.0,0.0,
2021-06-27,20-29,2.6254796963240223e-05,0.0,1.069535874907084e-06,
2021-06-27,30-39,4.673390022755388e-06,1.5591867282025697e-05,1.0788743456627094e-06,
2021-06-27,40-49,5.81141666352999e-06,0.0,1.1245735054980398e-06,
2021-06-27,50-59,1.0616724468990044e-05,2.3706794367265658e-05,1.3938428386445714e-06,
2021-06-27,60-69,1.2215999337966558e-05,0.0,1.5507241881958875e-06,
2021-06-27,70-79,4.134321115727061e-05,7.869058860560277e-05,1.9734202222948247e-05,
2021-06-27,80-89,8.634969783045677e-05,0.0,4.858378273332362e-05,
2021-06-27,90+,0.0,0.0,2.156473734149918e-05,
2021-07-04,0-19,3.718044156575798e-07,0.0,2.607228802578028e-06,
2021-07-04,20-29,3.851072190937712e-06,1.134687393623057e-05,1.067598181666777e-06,
2021-07-04,30-39,4.793991795981052e-06,1.4718003061344637e-05,1.0770442029711341e-06,
2021-07-04,40-49,5.95532025077815e-06,0.0,1.1230617358266801e-06,
2021-07-04,50-59,1.0912502362756708e-05,2.272314124704599e-05,1.3924318543850465e-06,
2021-07-04,60-69,1.2435976427932289e-05,3.4251267296889986e-05,2.6340254105980786e-05,
2021-07-04,70-79,4.2662538291428175e-05,7.584376185058778e-05,3.50621915622836e-05,
2021-07-04,80-89,8.916775460225866e-05,0.0001608234158893535,5.340972542545702e-05,
2021-07-04,90+,0.000131372310662182,0.0005546311702717693,2.1536871123363198e-05,
2021-07-11,0-19,2.9824492574156788e-06,4.819393238391286e-06,2.4171637966875187e-06,
2021-07-11,20-29,0.0,1.125112511251125e-05,1.0656345640702125e-06,
2021-07-11,30-39,4.830137751196004e-06,1.4684503443516058e-05,5.3770783752189815e-06,
2021-07-11,40-49,5.395454366804923e-05,0.0,6.730947212546485e-06,
2021-07-11,50-59,6.597030614828009e-05,0.0,1.3913082192924362e-05,
2021-07-11,60-69,6.247511900040555e-05,3.4216108944090876e-05,2.9423151374370886e-05,
2021-07-11,70-79,4.296498250126808e-05,0.0,8.323403658793019e-05,
2021-07-11,80-89,8.991337032291733e-05,0.00016116035455278002,0.0001213232974701666,
2021-07-11,90+,0.00013224095062456764,0.0,0.00019354006279299814,
2021-07-18,0-19,6.359559470835493e-06,6.410667350471184e-06,2.1077880661255274e-06,
2021-07-18,20-29,2.7446788620104134e-05,0.0,1.0636317706809903e-06,
2021-07-18,30-39,5.839972123263346e-05,0.0,6.440020865667605e-06,
2021-07-18,40-49,6.63858015422523e-05,0.0,1.0083423523954852e-05,
2021-07-18,50-59,0.00017721068401493255,0.0,2.362682951574728e-05,
2021-07-18,60-69,0.00015066318097328322,3.4324157341937255e-05,4.178104873527218e-05,
2021-07-18,70-79,0.00039018861190993974,7.662248103593594e-05,9.850275807722617e-05,
2021-07-18,80-89,0.0008170070780626832,0.00016353229762878168,0.0001793878510789937,
2021-07-18,90+,0.0006664930133026648,0.0005652911249293386,0.00021470285125386464,
2021-07-25,0-19,4.895744865394073e-06,0.0,1.8283775160760092e-06,
2021-07-25,20-29,2.779995767448756e-05,1.1173059518888058e-05,1.0602430076973642e-06,
2021-07-25,30-39,6.895551940510143e-05,0.0,1.1771542189742277e-05,
2021-07-25,40-49,0.00012197272673475078,1.7044776628202288e-05,5.590971252344015e-06,
2021-07-25,50-59,0.000212897057354253,2.277333697706725e-05,3.191527742701809e-05,
2021-07-25,60-69,0.00021498615264026796,3.458292986581823e-05,6.540232551983169e-05,0.0
2021-07-25,70-79,0.0007912168597531773,0.0005435204596630173,0.00017207868849565723,0.0
2021-07-25,80-89,0.00202805791625846,0.00016564518800728838,0.00043327767256865504,0.0
2021-07-25,90+,0.00080678190449708,0.0005813953488372093,0.000794980877487001,0.0
2021-08-01,0-19,1.7795021656597422e-05,0.0,1.78685340475982e-06,
2021-08-01,20-29,6.006319981661326e-05,1.1105558331945139e-05,6.351236056390508e-06,
2021-08-01,30-39,0.00014884464339456752,1.4735353059059295e-05,2.2445753423779033e-05,
2021-08-01,40-49,0.00016569491489430512,0.0,2.3463896883994494e-05,
2021-08-01,50-59,0.00038382078033504755,2.2696838330420573e-05,5.269200689987964e-05,
2021-08-01,60-69,0.0004457981970671499,3.508895048949086e-05,0.00017070885812428438,2.9824393968314563e-05
2021-08-01,70-79,0.000939312873691113,7.92393026941363e-05,0.0003996582233124776,5.961891588963347e-06
2021-08-01,80-89,0.003491285230172961,0.0,0.0010038855426037468,7.317108863945677e-05
2021-08-01,90+,0.0017730607428951576,0.0005817335660267597,0.0010455747585952396,7.003782042302843e-05
2021-08-08,0-19,2.4446075501031557e-05,8.58184938854323e-06,1.2301636117603641e-05,
2021-08-08,20-29,7.299034925818844e-05,1.0961787209786683e-05,2.429630506018089e-05,
2021-08-08,30-39,0.00021106330219874782,1.4511681903932665e-05,3.416419954881904e-05,0.0
2021-08-08,40-49,0.00027326293212102536,1.669699954918101e-05,2.6853627589416984e-05,0.0
2021-08-08,50-59,0.0005156824183626136,2.2548422737829488e-05,9.176728999351709e-05,0.0
2021-08-08,60-69,0.0008010971375407658,3.560239248077471e-05,0.0002901232379042787,5.8942628192848494e-05
2021-08-08,70-79,0.0022155787678780894,8.101101749837978e-05,0.0007982719759579264,0.00010649421058746079
2021-08-08,80-89,0.00410885875883114,0.00016849199663016007,0.0017098321978633725,0.00029593656334180675
2021-08-08,90+,0.0034707981781451004,0.0005681818181818182,0.0018621010707081157,0.0005081485245544626
2021-08-15,0-19,4.253198092135485e-05,7.504183582347158e-06,1.7122877191300208e-05,
2021-08-15,20-29,0.0002146534458476053,1.0777255679613744e-05,3.686379669721447e-05,
2021-08-15,30-39,0.00036387596659942815,1.417836381681554e-05,5.075237699297565e-05,0.0
2021-08-15,40-49,0.0004180467429833332,1.639451767329005e-05,6.102361003472243e-05,1.2704704552095641e-05
2021-08-15,50-59,0.0007670882785868961,2.2830528983356545e-05,0.00015560818773670179,2.4281779646318534e-05
2021-08-15,60-69,0.0010811828510629718,3.5697711776675117e-05,0.00036928303698369614,5.983669185944821e-05
2021-08-15,70-79,0.003223359367239975,8.105698305909054e-05,0.0009260836242868092,0.0001503184017054306
2021-08-15,80-89,0.006528735941212336,0.0011703728473499416,0.0019326055223174818,0.00028308118139213034
2021-08-15,90+,0.0036661263735077144,0.0,0.0022314787265694733,0.00047697123267252943
2021-08-22,0-19,4.357530884212344e-05,6.347312230635937e-06,8.351414144957166e-06,
2021-08-22,20-29,0.00021985089123475015,5.199991680013312e-05,4.622810206324425e-05,
2021-08-22,30-39,0.00047976187050659285,1.3602666122560023e-05,6.182809266643113e-05,6.698237693662797e-06
2021-08-22,40-49,0.0005743559886133016,1.5983121823354538e-05,0.00010385294423096895,1.9121129166414373e-05
2021-08-22,50-59,0.0008294603841657847,0.00015829583229687254,0.00018903361139567784,2.252094447836488e-05
2021-08-22,60-69,0.0012642078747930985,0.00017745599091425327,0.0003819466547838819,6.0457223387355686e-05
2021-08-22,70-79,0.004005854956864077,0.0005623393316195373,0.0013906626933446857,8.972794487115067e-05
2021-08-22,80-89,0.005938609767403321,0.0009902624195411785,0.001643298258633942,0.0002997002997002997
2021-08-22,90+,0.0035837391714613792,0.0,0.0022004217475016046,0.00033197775749024816
2021-08-29,0-19,5.650465847789464e-05,5.87340463646562e-06,1.415696177443359e-05,0.0
2021-08-29,20-29,0.00023259391703620016,1.0040967145955499e-05,6.664166515307329e-05,5.21550465223015e-06
2021-08-29,30-39,0.0004971090299387604,7.838526357044875e-05,9.81976828464235e-05,3.2912167299128817e-06
2021-08-29,40-49,0.0006325234875936035,1.5626464981091976e-05,9.558909434643612e-05,1.6145065721949678e-05
2021-08-29,50-59,0.0009326123322728876,0.0001345080368552021,0.0001752694768206117,3.07020237019623e-05
2021-08-29,60-69,0.0014095134700004585,0.0001782340569636046,0.00029480934545625094,3.963291989592395e-05
2021-08-29,70-79,0.003992788504649411,0.0005685971895053204,0.0008328517523880749,5.713902421452474e-05
2021-08-29,80-89,0.0070000311652497395,0.00016528925619834712,0.001672603376180889,0.0002273890057415724
2021-08-29,90+,0.0027592399975766508,0.0027218290691344584,0.0015706806282722514,0.0003193697769734391
2021-09-05,0-19,5.441153238182836e-05,6.120437978541745e-06,8.939650209366607e-06,1.2285163208393223e-05
2021-09-05,20-29,0.0003037301485706441,9.955102487780112e-06,6.059801584782395e-05,3.744561025111026e-06
2021-09-05,30-39,0.0004273683757360438,0.00011673151750972762,9.497916394590937e-05,1.9545974925306453e-05
2021-09-05,40-49,0.0006141454810823076,0.0001092026645450149,6.254183933233112e-05,1.685693936980332e-05
2021-09-05,50-59,0.0008952321350068436,0.00020267075010696513,0.00014547742151099928,1.2581781580271767e-05
2021-09-05,60-69,0.0013108536130328056,0.00021615390157792347,0.00019901770546801146,2.9177940698753325e-05
2021-09-05,70-79,0.0033286190218893984,8.239947264337508e-05,0.0006402048655569782,4.174606604718779e-05
2021-09-05,80-89,0.005577359040099581,0.0009966777408637873,0.001209506063874996,0.0001574696870852361
2021-09-05,90+,0.0036544610006702507,0.0005485463521667581,0.0010912265386294195,2.6302638154606906e-05
2021-09-12,0-19,6.0720601581341065e-05,6.5684033525130715e-06,1.2476361750326613e-05,9.665851513189054e-06
2021-09-12,20-29,0.0003141018847379136,9.89912788683317e-06,6.51395416082794e-05,2.9907078706459033e-06
2021-09-12,30-39,0.0006665972467852491,0.00010364036792330612,6.112582658788227e-05,2.43352225577779e-06
2021-09-12,40-49,0.0006864556236158267,9.374707040404987e-05,6.879436599621885e-05,1.9370685179876184e-05
2021-09-12,50-59,0.0011824783742210155,2.279202279202279e-05,0.00013260954189819865,2.0031529627633897e-06
2021-09-12,60-69,0.0012948343284532756,3.689356207341819e-05,0.00020520927545925077,1.9065558830594885e-05
2021-09-12,70-79,0.00322515309737631,8.539709649871905e-05,0.0007552719972969212,4.1229112603982245e-05
2021-09-12,80-89,0.00875117699610745,0.00017041581458759374,0.0012221523849430826,0.0001443778702042947
2021-09-12,90+,0.004127994904373155,0.003320420586607637,0.0011614401858304297,2.587522964266308e-05
2021-09-19,0-19,4.283286669705231e-05,0.0,1.7531894899796454e-06,0.0
2021-09-19,20-29,0.0002738658484520705,4.927516236165998e-05,4.902557444448953e-05,2.659242062827253e-06
2021-09-19,30-39,0.0005060861666542772,6.487777028079098e-05,4.941922526468937e-05,2.23125633118984e-06
2021-09-19,40-49,0.0006134879247119382,9.417082587814295e-05,7.384877958053893e-05,1.8321696002755583e-06
2021-09-19,50-59,0.0012050903555697685,2.3039882035803978e-05,5.951345461870187e-05,1.9362583743174688e-06
2021-09-19,60-69,0.0009974171060402421,3.7815761609438814e-05,0.00022610914611496035,1.8742526417590987e-05
2021-09-19,70-79,0.0034454908034521007,0.0004424387222369702,0.0006236693262220693,3.358345007580264e-05
2021-09-19,80-89,0.004967757843636305,0.0008747375787263821,0.0011871637915043592,7.689730365097412e-05
2021-09-19,90+,0.0032723709908116694,0.0005608524957936063,0.0008538667967797023,0.00038321028025445163
2021-09-26,0-19,3.700257762916663e-05,7.093456286575634e-06,1.7771585367587472e-06,7.112223779008983e-06
2021-09-26,20-29,0.00033250777513404246,9.559955259409387e-06,3.6346106758080316e-05,2.224144871900376e-06
2021-09-26,30-39,0.00042473149801759583,6.272423915497906e-05,3.198545118905915e-05,1.9214953845680863e-06
2021-09-26,40-49,0.00048303139194423464,1.5325435625507655e-05,5.42553768674222e-05,9.971448419359235e-06
2021-09-26,50-59,0.0008154689208633604,2.2791503327559487e-05,0.00010050889239200584,1.0937947202528853e-05
2021-09-26,60-69,0.0010309446578280982,3.8328861632809504e-05,0.00020773309007487422,2.0059814720256766e-05
2021-09-26,70-79,0.0027983349677278696,9.19793966151582e-05,0.0005564695635343075,4.2564763469974105e-05
2021-09-26,80-89,0.004737755498601065,0.00017771459036786921,0.0007623174450329001,7.050120936689914e-05
2021-09-26,90+,0.002701504423501408,0.0005672149744753262,0.0001293493726555426,0.00020156210632401108
2021-10-03,0-19,1.840961291876186e-05,7.007462948039662e-06,1.8133681500018134e-06,6.059798087527724e-06
2021-10-03,20-29,0.0001640412004829581,8.964348784882523e-06,3.781164020222555e-05,1.893017981777809e-06
2021-10-03,30-39,0.0002652830967433023,1.182704134733655e-05,3.6845498927532796e-05,1.7177201730774846e-06
2021-10-03,40-49,0.00041517676452431247,1.4629079684597042e-05,3.301661836457684e-05,1.5481625632617928e-06
2021-10-03,50-59,0.0007596340965968623,2.209700585570655e-05,7.267177791504669e-05,8.695969765852318e-06
2021-10-03,60-69,0.00048473196854441846,3.786157807057398e-05,0.0001005126143330988,8.91222704076631e-06
2021-10-03,70-79,0.002205101350627097,9.312721177127957e-05,0.000356946732564525,2.333362889263264e-05
2021-10-03,80-89,0.004438517414100578,0.00017752529735487306,0.0003991130820399113,6.948378889755951e-05
2021-10-03,90+,0.0018264967761219958,0.0005694760820045558,0.0001417836381681554,2.471088267272907e-05
2021-10-10,0-19,2.3796598509785075e-05,7.0732362885314545e-06,1.8203960817794736e-06,0.0
2021-10-10,20-29,0.0001428654997215718,8.716647925873626e-06,3.0845157310302283e-05,1.787923648508514e-06
2021-10-10,30-39,0.00018794868751435278,1.1571529409041994e-05,1.6685020188874427e-05,1.6537536072500559e-06
2021-10-10,40-49,0.00023537888693103633,1.4404448093571294e-05,3.861063491328052e-06,1.512708262109986e-06
2021-10-10,50-59,0.0004642177239130521,2.1785543113589823e-05,4.452359750667854e-05,1.7125838952035662e-06
2021-10-10,60-69,0.00038635363096285025,3.7627934978928356e-05,7.334450963956412e-05,1.4141871252404117e-05
2021-10-10,70-79,0.0009467025401743982,0.0,0.00020324613106471938,1.856574944128698e-05
2021-10-10,80-89,0.0020149061656469357,0.00017765144785930004,4.6554934823091246e-05,3.71672206352409e-05
2021-10-10,90+,0.00015361091387165163,0.0,0.0001498576352465158,2.4445096313679475e-05
2021-10-17,0-19,1.5619334577405332e-05,0.0,1.8197103748967314e-06,0.0
2021-10-17,20-29,9.205164153735682e-05,8.555637309423178e-06,2.4785788820122097e-06,1.7257387024515844e-06
2021-10-17,30-39,0.0001912910679381569,0.0,2.885977899181248e-06,1.6147575925902004e-06
2021-10-17,40-49,0.00016702313886682072,0.0,1.995115956139371e-05,1.4914220858731008e-06
2021-10-17,50-59,0.00018268174071294906,0.0,6.563919447580539e-06,1.6965542982203145e-06
2021-10-17,60-69,0.00034462163802733233,0.0,7.530930607853684e-05,1.758646826785598e-06
2021-10-17,70-79,0.0008416107755086764,9.344921035417251e-05,0.0002415604807053566,2.3121226904784476e-06
2021-10-17,80-89,0.0007700386743193652,0.00017708517797060386,0.00038595137012736397,4.227860544019955e-05
2021-10-17,90+,0.000773999306397848,0.0,0.00015617679212868969,2.4249478636209322e-05
2021-10-24,0-19,9.883656467082525e-06,0.0,1.8143913896242213e-06,0.0
2021-10-24,20-29,4.964204102849692e-05,8.47457627118644e-06,2.5580288852621723e-06,0.0
2021-10-24,30-39,0.00010034288307192969,1.1355635802048556e-05,1.782510011764566e-05,0.0
2021-10-24,40-49,0.00012077772916491905,0.0,2.4556750650753894e-05,1.4750937790870054e-06
2021-10-24,50-59,0.00024717292131932165,0.0,6.7262613421581885e-06,0.0
2021-10-24,60-69,0.00022642924279063465,0.0,7.693575864153431e-05,1.7510374897126548e-06
2021-10-24,70-79,0.00048802008289233593,0.0,3.126465530717524e-05,1.1523764306753386e-05
2021-10-24,80-89,0.0009161324653385332,0.0,4.9657364187108946e-05,5.263324104971736e-06
2021-10-24,90+,0.00015600735714177655,0.0,0.000160926939169617,2.4101031524149233e-05
2021-10-31,0-19,6.598313278042905e-06,0.0,0.0,0.0
2021-10-31,20-29,6.171213778685043e-05,8.436113313874031e-06,2.6197761663243493e-06,0.0
2021-10-31,30-39,6.095643371365279e-05,0.0,1.5180588278156955e-05,1.5629957627184872e-06
2021-10-31,40-49,4.878799156178485e-05,1.4191039777484497e-05,4.166736112268538e-06,1.4630684935515256e-06
2021-10-31,50-59,0.00015626706743771524,0.0,6.849643476057072e-06,1.6739091134307771e-06
2021-10-31,60-69,0.00010631049958057686,0.0,1.1153121200968092e-05,1.7454535299179463e-06
2021-10-31,70-79,0.0008647437070624697,9.40203083866115e-05,3.197237586725069e-05,2.2996224020015913e-06
2021-10-31,80-89,0.00013269962296802112,0.0,5.0632911392405066e-05,5.248875428439457e-06
2021-10-31,90+,0.00015748145305921344,0.0,0.0,2.399635255441173e-05
2021-11-07,0-19,3.3028028682908993e-06,0.0,0.0,0.0
2021-11-07,20-29,6.249753400529736e-05,0.0,2.670341055959667e-06,1.6251495137552654e-06
2021-11-07,30-39,4.104460352078962e-05,0.0,3.092079021171465e-06,0.0
2021-11-07,40-49,8.196782976342017e-06,1.4189831566699303e-05,0.0,0.0
2021-11-07,50-59,0.00018917296906111218,0.0,0.0,0.0
2021-11-07,60-69,0.00012206870997013716,3.7752944729688915e-05,1.1283625203105253e-05,1.0446428105070174e-05
2021-11-07,70-79,0.0005609654788030474,0.0,3.2605151613955e-05,2.2953416042142472e-06
2021-11-07,80-89,0.0009369792523547092,0.0,0.0,2.6184453766109986e-05
2021-11-07,90+,0.0,0.0,0.0,2.3904001529856096e-05
2021-11-14,0-19,5.372424456799016e-06,0.0,1.8153366904959862e-06,0.0
2021-11-14,20-29,5.171256367404552e-05,0.0,2.7114673376644505e-06,1.6053065011702685e-06
2021-11-14,30-39,6.901243003610633e-05,1.1320156670968327e-05,3.1393231619262888e-06,1.5308637439416068e-06
2021-11-14,40-49,8.251296047217927e-06,1.4205756172401058e-05,0.0,0.0
2021-11-14,50-59,1.5883350150143218e-05,0.0,0.0,1.66004585046639e-06
2021-11-14,60-69,0.00012255491387785824,0.0,0.0,0.0
2021-11-14,70-79,0.0005028041385645336,0.0,3.3130135170951495e-05,2.291727779407451e-06
2021-11-14,80-89,0.0006759664840017874,0.0,5.189952252439278e-05,5.229031583350763e-06
2021-11-14,90+,0.00016025758883408275,0.0,0.0,0.0
2021-11-21,0-19,7.972152410485033e-06,6.0416389758213606e-06,1.8162697814482573e-06,0.0
2021-11-21,20-29,4.064687893208274e-05,8.423322495325057e-06,2.751167870761138e-06,1.5871378349852794e-06
2021-11-21,30-39,4.872499465450839e-05,0.0,3.1880842164326614e-06,1.5167164908033895e-06
2021-11-21,40-49,4.153166032590894e-05,0.0,4.3419927141362255e-06,0.0
2021-11-21,50-59,1.6003326146401328e-05,0.0,7.1095943976396145e-06,0.0
2021-11-21,60-69,0.00015378970033738253,0.0,1.1520339158784834e-05,1.7335318805180488e-06
2021-11-21,70-79,0.0005704590444563736,0.0,3.3610056128793736e-05,2.288554709044597e-06
2021-11-21,80-89,0.00013629889864786524,0.0,5.231767290990897e-05,5.2212504894922335e-06
2021-11-21,90+,0.0001618134993084817,0.0,0.00016937669376693767,2.3797058683546713e-05
2021-11-28,0-19,4.717753671227792e-06,0.0,0.0,0.0
2021-11-28,20-29,6.440547079524384e-05,8.43113449345744e-06,2.787238905395537e-06,0.0
2021-11-28,30-39,3.508121194319592e-05,0.0,3.2378177108628786e-06,1.5033773371879927e-06
2021-11-28,40-49,5.014538727893842e-05,0.0,4.40187343733493e-06,1.4288490335265136e-06
2021-11-28,50-59,1.6119669865136395e-05,0.0,7.203313524221141e-06,1.6474871701936622e-06
2021-11-28,60-69,1.5434037460847766e-05,3.817522427944264e-05,1.1639140100329387e-05,1.7297925632758119e-06
2021-11-28,70-79,0.00031977962315743924,9.584970765839164e-05,0.0,2.2849935334683003e-06
2021-11-28,80-89,0.0009647432594783901,0.0,5.305602716468591e-05,5.211753546598289e-06
2021-11-28,90+,0.000163133358286395,0.0005777007510109763,0.00017041581458759374,0.0
2021-12-05,0-19,6.523304350387032e-06,0.0,0.0,0.0
2021-12-05,20-29,4.136114945503671e-05,0.0,2.822219901730303e-06,0.0
2021-12-05,30-39,8.4814984618534e-05,1.1304288847188623e-05,3.2824768257136105e-06,1.4916223033333284e-06
2021-12-05,40-49,5.044684037703999e-05,0.0,4.451745306747511e-06,1.4220725569860026e-06
2021-12-05,50-59,8.114510684106373e-05,0.0,0.0,1.6418878426414691e-06
2021-12-05,60-69,0.00013942278269587558,0.0,1.1745498537685431e-05,1.7265372224159781e-06
2021-12-05,70-79,0.00032219052432565714,9.645992090286486e-05,3.4713784843961534e-05,2.2817297336765056e-06
2021-12-05,80-89,0.00013896963724667762,0.0,5.3490238031559244e-05,5.205134344517432e-06
2021-12-05,90+,0.00016474589131726324,0.0,0.00017143836790673754,2.368938478667709e-05
2021-12-12,0-19,5.310114840744497e-06,0.0,0.0,0.0
2021-12-12,20-29,2.9846123324198156e-05,0.0,2.863368638668648e-06,1.5406255247755694e-06
2021-12-12,30-39,4.278366713518987e-05,1.1300073450477429e-05,3.335512534856106e-06,1.4782708960982518e-06
2021-12-12,40-49,4.233625612190173e-05,0.0,4.515855167493068e-06,1.413861212555653e-06
2021-12-12,50-59,8.179556319307761e-05,0.0,0.0,1.6352267078307738e-06
2021-12-12,60-69,1.5557214212468846e-05,3.846005922849121e-05,1.188212927756654e-05,1.722451116837304e-06
2021-12-12,70-79,6.501625925048134e-05,9.730466089325679e-05,3.537694130965437e-05,2.27773829698063e-06
2021-12-12,80-89,0.00014013813398533977,0.0,0.0,2.598320445663923e-05
2021-12-12,90+,0.0,0.0,0.00017208742040956807,2.3643456673365648e-05
2021-12-19,0-19,7.69394350287005e-06,0.0,1.6862496458875743e-06,0.0
2021-12-19,20-29,4.219308962460217e-05,8.440314317305177e-06,1.7402704380260693e-05,1.5259650584520915e-06
2021-12-19,30-39,3.597473433735734e-05,1.130275561181816e-05,3.3876830619234587e-06,1.4655063764182437e-06
2021-12-19,40-49,5.968821493232098e-05,0.0,4.5846323124885385e-06,1.405293741524322e-06
2021-12-19,50-59,0.00018142531372470185,0.0,7.481893816962949e-06,1.6285106618593033e-06
2021-12-19,60-69,0.00014056381001927023,0.0,1.2019808644646378e-05,1.7182366767928082e-06
2021-12-19,70-79,0.0003278523415205901,0.0,3.609326499675161e-05,1.1367356589429268e-05
2021-12-19,80-89,0.00014172704305323903,0.00018768768768768769,0.0,3.1125659474910124e-05
2021-12-19,90+,0.00016806852315521303,0.0,0.0,2.35810125686797e-05
